Brand Name,Description,Prices
ROYAL SON,"Riding Glasses, UV Protection Rectangular, Over-sized S...",898
ROYAL SON,"UV Protection, Riding Glasses Retro Square Sunglasses (...",719
spectaswag,"UV Protection, Gradient, Polarized Rectangular Sunglass...",182
spectaswag,"UV Protection Retro Square, Round Sunglasses (Free Size...",262
Zadinga,Others Wayfarer Sunglasses (Free Size),212
VINCENT CHASE,"UV Protection, Gradient, Polarized Rectangular Sunglass...",579
Zadinga,UV Protection Round Sunglasses (Free Size),193
ROADWAY,"UV Protection, Night Vision Spectacle  Sunglasses (54)",189
DKERAOD,UV Protection Retro Square Sunglasses (Free Size),163
GOODINA,"UV Protection Wayfarer, Retro Square Sunglasses (Free S...",155
ROYAL SON,"Riding Glasses, UV Protection Rectangular, Over-sized S...",898
ROYAL SON,"UV Protection, Riding Glasses Retro Square Sunglasses (...",719
spectaswag,"UV Protection, Gradient, Polarized Rectangular Sunglass...",182
spectaswag,"UV Protection Retro Square, Round Sunglasses (Free Size...",262
Zadinga,Others Wayfarer Sunglasses (Free Size),212
VINCENT CHASE,"UV Protection, Gradient, Polarized Rectangular Sunglass...",579
Zadinga,UV Protection Round Sunglasses (Free Size),193
ROADWAY,"UV Protection, Night Vision Spectacle  Sunglasses (54)",189
DKERAOD,UV Protection Retro Square Sunglasses (Free Size),163
GOODINA,"UV Protection Wayfarer, Retro Square Sunglasses (Free S...",155
